ID	위치	구분	공유	조각	원문	번역	화자
00938	C855.DAT	대사	1	4	弓美：あ、桜子ちゃん¶桜子：顔がおまぬけしてるわよ¶弓美：え、ほ、本当？¶桜子：えへ！ばか¶弓美：え〜ん…	아, 사쿠라코 짱¶얼굴이 멍청해 보이는데 에, 저, 정말？¶에헤！바보¶으앙…	
00939	C856.DAT	대사	1	3	弓美：[いい?]ね¶　昨日までの生活がウソみたいだなって思って¶桜子：[そりゃ?]そうだわな	있잖아¶어제까지의 생활이 거짓말 같다는 생각이 들어서¶그야 그렇지	
00940	C857A.DAT	대사	1	2	弓美：でも！もうこれからは[晴れて?]普通の女の子よ¶桜子：言い換えれば、[何の取り柄?]もないただの女子高生	그래도！이제부턴 어엿한 평범한 여자애야¶바꿔 말하면, 아무 특기도 없는 그냥 여고생	
00941	C857B.DAT	대사	1	2	弓美：だけど、少なくとも変身はしないも〜ん！¶桜子：普通はしないんだって	그래도, 적어도 변신은 안 하잖아～！¶보통은 안 한다고	
00942	C858.DAT	대사	1	2	そりゃあたしは、背も低いし、成績も普通だし、美人じゃないし、スタイルもよくないし、ボーイフレンドもいないし…	어차피 나는, 키도 작고, 성적도 평범하고,¶미인도 아니고, 스타일도 안 좋고, 남자친구도 없고…	弓美
00943	C859.DAT	대사	1	2	部長：んんが！弓美ちゃん、変身してよ！¶弓美：な、何なんですか、突然？	으응！유미미 짱, 변신해 봐！¶뭐, 뭐예요, 갑자기？	
00944	C859.DAT	대사	1	3	部長：真一のやつが下手くそで、[結局??]まともな写真が１枚撮れなかったんだよ！¶真一：あはは、はあ、は、はぁ…¶弓美：でもあたし、もう変身できないもん¶　だから、無理で〜す¶　きゃははは！	신이치 저 녀석이 서툴러서, 결국 제대로 된 사진 한 장도 못 찍었단 말이야！ 아하하, 하아, 저, 저기…¶그래도 저, 이제 변신 못 해요 그러니까 무리예요～¶캬하하하！	
00945	C859.DAT	대사	1	3	部長：少しも？¶弓美：はい！¶部長：全く？¶弓美：はい！¶部長：まるきり？¶弓美：はい！	조금도？¶네！ 전혀？¶네！ 완전히？ 네！	
00946	C860.DAT	대사	1	1	部長：桜子ちゃん、なんか[ネタ?]ない？¶桜子：きゃあ！	사쿠라코 짱, 뭐 거리 될 만한 거 없어？ 꺄악！	
00947	C862.DAT	대사	1	2	弓美：それは、そうなんだけど¶真一：まあ、それはともかく	그건, 그렇지만¶뭐, 그건 그렇다 치고	
00948	C863.DAT	대사	1	3	真一：実は、こんな物があるんだ¶　部長には内緒だけどな？¶弓美：え？何？	실은, 이런 게 있어¶부장한테는 비밀이지만？¶에？뭔데？	
00949	C864B.DAT	대사	1	2	これ、変身していた時のあたしの写真¶みんなきれいに写ってるわ！	이거, 변신했을 때 내 사진¶다들 예쁘게 나왔어！	弓美
00950	C868.DAT	대사	1	2	こんな写真いっぱい[載せて?]、新聞の記事にするのも、ちょっとどうかと思ってな¶わざわざ、みんなに知らせる必要もないだろし…	이런 사진을 잔뜩 실어서 신문 기사로 만드는 것도, 좀 어떨까 싶어서¶굳이, 다들한테 알릴 필요도 없을 거고…	真一
00951	C869A.DAT	대사	1	1	松崎くん…	마츠자키 군…	弓美
00952	C869A.DAT	대사	1	4	男の子Ａ：やぁ、吉沢！¶　今日はもう変身[しねんだが?]？¶男の子Ｂ：あれ、[結構かっこいやら?]！¶真一：まあ、今更むだなところもあるんだが¶弓美：え〜ん…	야, 요시자와！¶오늘은 이제 변신 안 하는 거야？¶어라, 꽤 귀엽잖아！¶뭐, 이제 와서 소용없는 부분도 있지만 으앙…	
00953	C869B.DAT	대사	1	4	弓美：な、何、松崎くん？¶真一：あは、いや、吉沢の普通の写真も欲しいかな…なんて思って¶弓美：え？	뭐, 뭐야, 마츠자키 군？¶아하,¶아니, 요시자와의 평범한 사진도 갖고 싶다고…생각해서¶에？	
00954	C869B.DAT	대사	1	4	桜子：何赤くなってんのよ¶弓美：ああ！え、え、えっと…¶桜子：ねぇ、何で私の写真は撮ってくれないのよ？¶真一：あ、ああ、えっと…	뭘 빨개지고 그래¶아아！어, 어, 저기…¶있잖아, 왜 내 사진은 안 찍어 주는 거야？¶아, 아아, 저기…	
00955	C870.DAT	대사	1	2	弓美：でも、ありがとう、松崎くん¶真一：そう正面切って[言われると]、ちょっと照れるな	그래도, 고마워, 마츠자키 군¶그렇게 정면으로 말하니까, 좀 부끄럽네	
00956	C871.DAT	대사	1	1	弓美：うわ、そう？	우와, 그래？	
00957	C872.DAT	대사	1	3	弓美：松崎くんもごめんね¶　色々とんでもない目にあわせちゃって¶真一：どっちかというと、とんでもない目にあったのは、吉沢の方だろ	마츠자키 군한테도 미안해¶여러모로 말도 안 되는 꼴을 당하게 해서¶어느 쪽이냐면, 말도 안 되는 꼴을 당한 건, 요시자와 쪽이겠지	
00958	C873.DAT	대사	1	4	桜子：んもう、何でよ¶　あたしの方がモデルとしてはプロポーションもいいのに！¶真一：だからいやなんだよ！¶　胸のでかいのは！¶桜子：何が[いけない?]のよー！	아 정말, 왜 그러냐고¶내 쪽이 모델로서 비율도 더 좋은데！¶그러니까 싫다고！ 가슴 큰 건！¶뭐가 안 된다는 거야！	
00959	C902.DAT	대사	1	1	弓美：りえちゃん…りえちゃん！¶りえ：ああ？	리에 짱…리에 짱！ 아？	
00960	C902.DAT	대사	1	1	[あなた?]…	당신…	りえ
00961	C902.DAT	대사	1	1	教えて、穴はどこに開いてる？	알려 줘, 구멍은 어디 뚫려 있어？	弓美
00962	C903A.DAT	대사	1	1	ああ、なるほど！うまいぞ、吉沢！	아, 그렇구나！잘하는데, 요시자와！	真一
00963	C903B.DAT	대사	1	2	校庭の穴って、[きっとあれよ?]¶[表で?]雪を降らしてるやつ	교정의 구멍은, 분명 그거일 거야¶겉에서 눈을 내리게 하는 거	桜子
00964	C903B.DAT	대사	1	2	でも小さい穴って、小さい穴からあの大きいのが出てきたの？	근데 작은 구멍이라니,¶작은 구멍에서 그 큰 게 나왔다는 거야？	弓美
00965	C903B.DAT	대사	1	2	桜子：そう…¶りえ：屋根の上の穴は、多分穴開けネズミ達の穴よ	그래…¶지붕 위의 구멍은, 아마 구멍뚫기 쥐들의 구멍이야	
00966	C904.DAT	대사	1	2	穴は開いてる[わ?]、たくさん¶ここでもうじき、とってもとってもとっても大きい穴が開くわ	구멍은 뚫려 있어, 잔뜩¶여기서 곧, 아주아주아주 커다란 구멍이 뚫릴 거야	りえ
00967	C904.DAT	대사	1	1	えっと、それは分かってるから、[他に?]穴は？	음, 그건 아니까, 다른 구멍은？	弓美
00968	C904.DAT	대사	1	3	んん…校庭に小さな穴が開いてるわ¶それっと、体育館の屋根の上に、小さな穴¶２階の用具準備室にも、一つ開いてる	음…교정에 작은 구멍이 뚫려 있어¶그리고, 체육관 지붕 위에, 작은 구멍¶2층 용구 준비실에도, 하나 뚫려 있어	りえ
00969	C905A.DAT	대사	1	1	だあああああああ！¶せっかく変身しても、穴を塞いだら元に戻っちゃうんだから、意味ないー！	다아아아아아！ 모처럼 변신해도, 구멍을 막으면 원래대로 돌아와 버리니까, 의미 없잖아―！	弓美
00970	C905B.DAT	대사	1	1	ああ、どうしよう…	아아, 어떡하지…	弓美
00971	C907.DAT	대사	4	1	何？何の音？	뭐？무슨 소리？	弓美
00972	C909A.DAT	대사	1	1	屋根の上…屋根の上…んんっと…	지붕 위…지붕 위…음…	弓美
00973	C909A.DAT	대사	1	1	屋根の上？	지붕 위？	弓美
00974	C909B.DAT	대사	1	3	ああ、玄関雪で埋もれてたんだっけ¶どうしよう？¶…ん？そっか！¶２階の窓から出ればいいよね	아, 현관은 눈에 파묻혀 있었지¶어떡하지？¶…음？그렇지！ 2층 창문으로 나가면 되잖아	弓美
00975	C911A.DAT	대사	1	3	桜子：近場で変身するのが合理的ね¶部長：早く助けに来てくれ！¶真一：がんばれ、吉沢！	가까운 곳에서 변신하는 게 합리적이지¶빨리 도와주러 와 줘！¶힘내, 요시자와！	
00976	C911A.DAT	대사	1	1	あら？えっと…私…	어라？음…나는…	りえ
00977	C911B.DAT	대사	1	2	とにかく、屋根の上に行ってみるわ¶穴開けネズミの穴があるなら、やっぱりそれを塞がなくちゃ！	아무튼, 지붕 위에 가 볼게¶구멍뚫기 쥐의 구멍이 있다면, 역시 그걸 막아야 해！	弓美
00978	C911B.DAT	대사	1	4	真一：屋根の上[で?]なんて、大丈夫か？¶桜子：がんばってね、弓美！¶部長：早く助けに来てくれ！¶りえ：あら？えっと…私…	지붕 위라니, 괜찮겠어？¶힘내, 유미미！¶빨리 도와주러 와 줘！¶어라？음…나는…	
00979	C911C.DAT	대사	1	5	弓美：ふん…それじゃ、校庭の穴の所に行こう[っと?]¶桜子：がんばってね、弓美！¶部長：早く助けに来てくれ！¶真一：がんばれ、吉沢！¶りえ：あら？えっと…私…	흥…그럼, 교정 구멍 쪽으로 가 볼까¶힘내, 유미미！¶빨리 도와주러 와 줘！¶힘내, 요시자와！¶어라？음…나는…	
00980	C912.DAT	대사	1	1	雪が積もってなかったら、こんな所怖くて登れないわね	눈이 쌓여 있지 않았으면, 이런 곳 무서워서 못 올라가겠네	弓美
00981	C913.DAT	대사	1	1	[よっしゃった?]	좋았어	弓美
00982	C913.DAT	대사	1	1	うえ〜ん！¶この雪でどう[しよう?]っていうのよ！	으에～엥！ 이 눈으로 어쩌라는 거야！	弓美
00983	C915C.DAT	대사	1	1	だあああああ！¶何よ、あれ！	다아아아아！ 뭐야, 저거！	弓美
00984	C915E.DAT	대사	1	1	どうすればいいの！？	어떡하면 좋지！？	弓美
00985	C916.DAT	대사	1	2	真一：機械が[動き?]始めたぞ¶部長：うおぉ！¶桜子：弓美は何やってんのよ！	기계가 움직이기 시작했어 우오！¶유미미는 뭐 하고 있는 거야！	
00986	C919.DAT	대사	1	1	そ、そうだ！¶歌を歌って	마, 맞다！ 노래를 불러	弓美
00987	C919.DAT	대사	1	1	[…みるのが?]なんか役に立つかしら	…해 보는 게 뭔가 도움이 될까	弓美
00988	C919.DAT	대사	1	1	まいっか！	모르겠다！	弓美
00989	C920A.DAT	가사	1	1	<zui zui zukkorobashi\ngoma miso zui>	<즈이 즈이 즛코로바시\n고마 미소 즈이>	
00990	C920A.DAT	노래	1	1	ずいずいずっころばし¶ごまみそずい	빙글빙글 빙글빙글 갈아라\n참깨 된장 빙글빙글	弓美
00991	C920A.DAT	가사	2	2	<chatsubo ni owarete>\n<to><ppin shan>¶<nuke><ta><ra don doko sho>	<차츠보 니 오와레테>\n<톳><핀 샨>¶<누케><타><라 돈 도코 쇼>	
00992	C920A.DAT	노래	2	3	弓美：茶壺に追われて¶　とっぴんしゃん¶　抜けたら、どんどこしょ¶真一：よ、吉沢…¶部長：ぬはははは！	차 항아리가 오거든\n문을 꼭 닫아라¶지나가면 한숨 돌리자¶요, 요시자와…	
00993	C920B.DAT	대사	1	1	ありゃ！？	어랏！？	弓美
00994	C920C.DAT	대사	1	2	何だかわかんないけど、まあいいわ¶もっとどんどん歌うのよ！弓美！	뭔지는 모르겠지만, 뭐 됐어¶더 힘차게 계속 불러！유미미！	桜子
00995	C920C.DAT	가사	1	2	<kawara no nezumi ga\nkome kutte chuu>¶<chuu chuu chuu>	<카와라 노 네즈미 가\n코메 쿳테 추>¶<추 추 추>	
00996	C920C.DAT	노래	1	3	え、えっと…¶俵のねずみが¶米食ってちゅう、¶ちゅうちゅうちゅう	그, 그러니까…¶쌀가마니 속 쥐가\n쌀을 먹고 찍찍¶찍찍찍찍	弓美
00997	C920C.DAT	가사	1	3	<otto-san ga yondemo\nokka-san ga yondemo>¶<ikikko><na><shi> <yo>¶<ido no mawari de>	<옷토산 가 욘데모\n옷카산 가 욘데모>¶<이킷코><나><시> <요>¶<이도 노 마와리 데>	
00998	C920C.DAT	노래	1	3	おっとさんがよんでも、¶おっかさんがよんでも、¶行きっこなしよ¶井戸のまわりで、	아버지가 불러도\n어머니가 불러도¶나가서는 안 돼¶우물가에서…	弓美
00999	C923.DAT	대사	1	3	真一：ん…な？¶　そうとも[???]ぞ¶みんな：え？	음…뭐？¶그렇다고 해도 ???야¶에？	
01000	C924.DAT	대사	1	2	弓美：ウソみたい！¶部長：少女の歌が、人類を救ったりして	거짓말 같아！¶소녀의 노래가, 인류를 구했다니	
01001	C924.DAT	대사	1	2	桜子：んん…¶　あんたの微妙な音程が、連中にダメージを与えてるのね、きっと¶りえ：それって、オンチってことですか？¶弓美：ううぅ！	음… 네 미묘한 음정이, 저놈들한테 대미지를 주는 거겠지, 분명¶그거, 음치라는 건가요？ 으으윽！	
01002	C925.DAT	대사	1	3	りえ：あっ！あの…¶　何なんでしょうか？¶弓美：な、なんでもないの¶　りえちゃん¶りえ：ああ？別に…	앗！저기… 뭔가요？¶아, 아무것도 아니야 리에 짱¶아？딱히…	
01003	C927.DAT	대사	1	2	桜子：あ〜らら！弓美！？¶真一：吉沢！¶りえ：きゃああ！	아～라라！유미미！？¶요시자와！ 꺄아아！	
01004	C929.DAT	대사	1	1	よ、吉沢…大丈夫かな？	요, 요시자와…괜찮으려나？	真一
01005	C930A.DAT	대사	1	1	お、表には出られたけど、動けないー！	바, 밖으로는 나왔는데, 움직일 수가 없어―！	弓美
01006	C932A.DAT	대사	1	1	はぁ…寒い	하아…추워	弓美
01007	C937.DAT	대사	2	1	今日は具合が悪いから休止	오늘은 컨디션이 안 좋아서 쉼	弓美
01008	C938A.DAT	대사	1	2	桜子：今のやつ、穴を引きずってたわよ¶真一：なるほど¶　穴が見つからないはずだ！	방금 그 녀석, 구멍을 질질 끌고 있었어¶그렇군 구멍이 안 보이는 것도 당연하지！	
01009	C938B.DAT	대사	2	1	そこです	거기예요	りえ
01010	C938B.DAT	대사	1	1	わぁ！捕まえるんだ！！	우와！잡는 거야！！	真一
01011	C938C.DAT	대사	1	5	弓美：え、えっと…¶真一：ん、んっと…¶桜子：う、ううん…¶部長：あ、あっと…¶りえ：何なんですか、いったい？	어, 음…¶음, 음…¶으, 으음…¶아, 아앗…¶대체 뭔가요？	
01012	C939A.DAT	대사	1	1	ちっ！どうすんのよ、弓美！	칫！어쩔 거야, 유미미！	桜子
01013	C939A.DAT	대사	2	1	そんなこんなで、一ヶ月	그러구러, 한 달	ナレーター
01014	C939B.DAT	대사	1	2	真一：吉沢！穴、穴！¶弓美：うわぁ！ちょ、ちょっと！¶　松崎く〜ん！	요시자와！구멍, 구멍！¶우와아！자, 잠깐！ 마츠자키 구～운！	弓美
01015	C939B.DAT	대사	1	2	そんなわけで、弓美が普通の女の子に戻るのは、もう少し後のことになるのでありました¶まあ、仕方ないでしょね？これじゃ	그런 연유로, 유미미가 평범한 여자애로 돌아가는 건, 조금 더 나중의 일이었던 것입니다¶뭐, 어쩔 수 없지요？이래서는	ナレーター
01016	C939B.DAT	대사	1	1	え〜ん！仕方なくない、仕方なくない！	으앙！어쩔 수 없지 않아, 어쩔 수 없지 않다고！	弓美
01017	C939D.DAT	대사	1	2	そんなわけで、弓美ちゃんもようやく普通の女の子に戻ったのであります¶…が、もっとも生活の方はまだ、あんまり普通じゃないんですけどね？	그런 연유로, 유미미 짱도 드디어 평범한 여자애로 돌아갔던 것입니다¶…만, 그래도 생활 쪽은 아직, 별로 평범하지 않지만요？	ナレーター
01018	C941.DAT	대사	1	1	ええ、と、いうわけで¶この場合、カンガルーの袋というのは…？	음, 그러니까 이 경우, 캥거루 주머니라는 건…？	児島先生
01019	C941.DAT	대사	1	2	おい！吉沢！¶お前ってなんとか[してこい?]	어이！요시자와！¶너 말이야 뭐든 좀 해 봐	児島先生
01020	C941.DAT	대사	1	4	弓美：ええ！？[全然?]！まだちょっと無理です！¶児島先生：そうはないな¶　早く風邪を治して、この騒ぎ、なんとかしなさい¶弓美：は〜い…	네에！？전혀！아직 좀 무리예요！¶고지마 선생님：그럴 순 없지¶빨리 감기 낫고, 이 소동, 어떻게 좀 해¶네에…	
01021	C942.DAT	대사	1	1	まったく…¶風邪引いてると変身しないって、何なのよ？	정말이지… 감기 걸리면 변신 안 된다니, 이게 뭐야？	桜子
01022	C942.DAT	대사	1	1	ふん！あたしが[鬼気具合??]	흥！내가 진짜 열받아	弓美
01023	C943Z.DAT	대사	1	3	本当に…桜子ちゃんじゃないけど何なのかしら？¶穴は[まだ増えちゃうし?]¶困った	정말로…사쿠라코 짱은 아니지만 이게 뭘까？¶구멍은 아직도 늘고¶곤란하네	弓美
01024	C945.CUT	대사	1	1	雪がおもい	눈이 무거워	
01025	C947.DAT	대사	1	1	冷た〜い…	차가워～…	弓美
01026	C948A.DAT	대사	1	1	うえ〜！¶身動き取れなくなっちゃったよ！	으에～！ 꼼짝도 못 하게 됐잖아！	弓美
01027	C948A.DAT	대사	1	1	ああ…寒い…！	아아…추워…！	弓美
01028	C948B.DAT	대사	1	1	身動き取れない！	꼼짝도 못 해！	弓美
01029	C948C.DAT	대사	1	2	だあああ！¶だから、身動き取れないんだってばさ！¶こんなことなら体育館にいればよかった	다아아아！ 그러니까, 움직일 수 없다니까！¶이럴 줄 알았으면 체육관에 있을 걸 그랬어	弓美
01030	C948D.DAT	대사	1	2	うわ…落ち着いて¶[変な想像している?]場合じゃない！¶誰か！助けてー！	우와…진정해 이상한 상상이나 할 때가 아니야！¶누구든！도와줘―！	弓美
01031	C948D.DAT	대사	1	1	もう…[みんな?][薄情??]もな！	정말…다들 너무 매정한 거 아냐！	弓美
01032	C949A.DAT	대사	1	1	どうしたらいいの？¶変身も出来ないし…！	어떻게 하면 좋지？ 변신도 못 하고…！	弓美
01033	C949A.DAT	대사	1	2	落ち着け¶落ち着くのよ、弓美¶こうゆう時には、冷静に考えなくちゃ	진정해 진정하는 거야, 유미미¶이럴 때는, 냉정하게 생각해야 해	弓美
01034	C949B.DAT	대사	1	1	な、何とかあそこまで行けば変身できるかも	뭐, 어떻게든 저기까지 가면 변신할 수 있을지도	弓美
01035	C949C.DAT	대사	1	2	そ、そうだ¶大声で「助けて」って叫べば、誰か助けに来てくれるかもしれないわね	마, 맞다¶큰 소리로 「도와줘」라고 외치면, 누군가 도와주러 올지도 몰라	弓美
01036	C950.DAT	대사	1	1	でも…誰が助けに来てくれるかしら？	근데…누가 도와주러 와 줄까？	弓美
01037	C950.DAT	대사	1	3	スキーヤーが通りかかるわけないし、変な[もん?]は来たらやだな¶雪男とか、宇宙人とか、八甲田山とか…	스키 타는 사람이 지나갈 리도 없고,¶이상한 게 오면 싫은데¶눈사람이라든가, 우주인이라든가, 핫코다산이라든가…	弓美
01038	C958.DAT	대사	1	1	あ、ああああ…¶みんな大丈夫かしら？	아, 아아아아… 다들 괜찮으려나？	弓美
01039	C959B.DAT	대사	1	2	真一：ああ、ああ、ああああ！¶桜子：あ！あ、ああ！¶真一：[右?]だ、いや、左だ！¶桜子：あっちよ！え、こっちよ！	아아, 아아, 아아아아！ 아！아, 아아！¶오른쪽이다, 아니, 왼쪽이다！ 저쪽이야！어, 이쪽이야！	
01040	C960.DAT	대사	1	1	真一：なんだか知らないけど、自由になった¶部長：ゴホ	뭔지 모르겠지만, 자유로워졌어 콜록	
01041	C960.DAT	대사	1	2	とんでもない展開ね¶あたしらのせいじゃないわよ	말도 안 되는 전개네¶우리 탓은 아니라고	桜子
01042	C961A.DAT	대사	1	2	しかし…ああ？¶ぐちゃぐちゃだな！	근데…아아？¶엉망진창이네！	真一
01043	C961A.DAT	대사	2	1	みんな、大丈夫？	다들, 괜찮아？	弓美
01044	C961A.DAT	대사	1	2	弓美：あら？ネズミ達は？¶桜子：うん、逃げちゃったみたいね	어라？쥐들은？¶응, 도망친 것 같네	
01045	C961A.DAT	대사	1	1	[まいったな?]	이거 참 곤란하네	真一
01046	C961B.DAT	대사	1	2	もしかして、これでみんな終わっちゃったのかしら？¶あたし、もう変身しなくて済むのかしら？	혹시, 이걸로 다 끝나 버린 걸까？¶나, 이제 변신 안 해도 되는 걸까？	弓美
01047	C964A.DAT	대사	1	2	弓美：え、えっと！¶真一：こら、待ってー！¶桜子：待ちなさいってば！	어, 음！¶야, 기다려―！ 기다리라니까！	
01048	C964A.DAT	대사	1	1	ど、どうしよう！？	어, 어떡하지！？	弓美
01049	C964B.DAT	대사	2	2	真一：待ってー！¶弓美：こらー！	기다려―！¶야―！	
01050	C964B.DAT	대사	2	2	りえ：待ちなさ〜い！¶桜子：こら、こら！	기다려～！¶야, 야！	
01051	C964B.DAT	대사	2	1	待って待って！くっ！	기다려 기다려！이런！	真一
01052	C964B.DAT	대사	1	2	いち抜けた！¶俺、育ちがいいから運動は苦手なんだ	나 빠질래！¶난, 자란 게 곱게 자라서 운동은 잘 못 해	部長
01053	C964C.DAT	대사	2	2	桜子：こら！弓美！¶弓美：は〜い…	야！유미미！¶네～…	
01054	C964F.DAT	대사	1	1	そ、そうね	그, 그러네	弓美
01055	C965.DAT	대사	1	2	がんばれ〜！みんな！¶ファイト！	힘내～！다들！¶파이팅！	弓美
01056	C968C.DAT	대사	1	2	真一：な、な、何なんだ¶桜子：う、う、うううううぅぅぅぅ¶りえ：あの…	뭐, 뭐, 뭐야 이거 으, 으, 으으으으으으으¶저기…	
01057	C969A.DAT	대사	1	1	ええ！？	에엣！？	弓美
01058	C975.DAT	대사	1	1	ああああ！待って！	아아아아！기다려！	弓美
01059	C975.DAT	대사	1	1	こら！この穴どうすんのよ！？	이봐！이 구멍은 어쩔 거야！？	桜子
01060	C980.DAT	대사	1	2	弓美：んん！？¶真一：ああ！？¶桜子：んもう、遅いわね！¶　もっと早く変身すればいいのに！	으응！？ 아아！？¶아 정말, 늦네！ 좀 더 빨리 변신하면 될 텐데！	
01061	C981.DAT	대사	1	1	やったー！¶あたし、もう変身しなくて済むんだ！	해냈다―！ 나, 이제 변신 안 해도 되는구나！	弓美
01062	C982.DAT	대사	1	3	真一：変身した吉沢もかっこよかったんで、ちょっともったいないけど、よかったな、吉沢¶弓美：あ、ありがとう、松崎くん	변신한 요시자와도 멋있었으니까, 좀 아깝긴 하지만,¶잘됐다, 요시자와¶고, 고마워, 마츠자키 군	
01063	C982.DAT	대사	1	2	桜子：何二人して赤くなってんのよ！¶弓美：え、えっと…	둘이서 왜 빨개지고 그래！¶어, 음…	
01064	C983.DAT	대사	1	4	桜子：まあ、とにかくこの[塞ぎが??]おしまい[に?]なってよかった¶　あたし本っ当に非常識なのが嫌いなのよ¶　体育館のぐちゃぐちゃなのも、まあまあ、気のせいだと思えば…¶　それで[済む?]し	뭐, 아무튼 이 구멍 막기가 끝나서 다행이야¶나 정말 비상식적인 건 싫거든¶체육관 엉망진창인 것도, 뭐 그럭저럭, 착각이라고 생각하면…¶그걸로 되는 거고	
01065	C983.DAT	대사	1	3	真一：済まない、済まない¶部長：しかし、それでは新しく記事が書けない[ではないか?]¶　どうしたらいいんだ？	미안, 미안¶하지만, 그래서는 새로 기사를 못 쓰잖아¶어떡하면 좋지？	
01066	C983.DAT	대사	1	1	あたしには、もう関係ないです¶あははは！	저한테는, 이제 상관없어요 아하하하！	弓美
01067	C983.DAT	대사	1	3	まあ、とにかく帰りましょう？¶ハンバーガー屋のコーラで乾杯しましょう¶あたしお腹空いたわ	뭐, 아무튼 돌아갈까？¶햄버거 가게 콜라로 건배하자¶나 배고파	桜子
01068	C984.DAT	대사	1	3	真一：それもそうだな¶　おれも腹減った¶弓美：りえちゃんも[しに?]行きましょう？¶りえ：あ、ああ¶部長：俺は誘ってくれないの？	그것도 그러네 나도 배고파¶리에 짱도 같이 갈까？ 아, 아아¶나는 안 껴 줘？	
01069	C984.DAT	대사	1	3	真一：今の、何だ¶弓美：え、えっと…¶桜子：え、え…気のせいよ、気のせい¶部長：ぬっはははは！	방금 그거, 뭐지¶어, 음…¶어, 어…착각이야, 착각 누하하하하！	
01070	C986.DAT	대사	1	3	桜子：ちょって待って！[穴が?]残ったままじゃないの！¶真一：連中全部塞がずに帰っちまったのか！¶弓美：うえ〜ん！	잠깐만！구멍이 남아 있잖아！¶저놈들 전부 안 막고 돌아간 거냐！¶으에～엥！	桜子
01071	C987.DAT	대사	1	3	桜子：やれやれ¶　面は暑いのに、中は寒いんだから¶　もういやなるわね¶弓美：そうね	아이고 참¶겉은 더운데 속은 추우니까 정말 싫다니까¶그러게	
01072	C987.DAT	대사	1	2	桜子：とりあえず、穴の向こう側から、穴塞ぎはしてるみたいね¶弓美：そうね	일단, 구멍 저쪽에서부터, 구멍 막기는 하고 있는 것 같네¶그러게	
01073	C988.DAT	대사	1	3	部長：取材だ、取材だ！¶真一：部長！¶弓美：松崎くん！	취재다, 취재다！¶부장！¶마츠자키 군！	
01074	C991Z.DAT	대사	1	2	桜子：弓美？¶弓美：ん？¶桜子：今のウィンク、あたしに[だから?]ね	유미미？ 응？¶방금 그 윙크, 나한테 한 거지	
01075	C992.DAT	대사	1	1	だああ！捕まえたぞ！	다아아！잡았다！	真一
01076	C999.DAT	대사	1	2	桜子：本っ当役に立たないわね¶　あたし達自力で抜け出したわよ¶弓美：え〜ん、ごめんね	진짜 도움 하나도 안 되네 우리끼리 힘으로 빠져나왔잖아¶으엥, 미안해	
01077	C999.DAT	대사	1	1	あの…自力でしたでしょうか？	저기…자력으로 하신 건가요？	りえ
01078	ENDC000A.DAT	가사	3	38	<chikagoro ochitsuita mitai da ne nante>¶<chitto mo ureshiku> <nantenai>¶<mou sukoshi onna no ko de irareru uchi wa>¶<mada mada sowa><sowa> <shiteitai>¶<hito wa dare demo>¶<otona ni naru tabi>¶<{hajimete} no koto o>¶<nakushite><shimau> <kara>¶<genki!> <genki!>¶<wakasa wa bii><to>¶<shiranai doa o nokku> <shite>¶<genki!> <genki!>¶<genki wa jumo><n>¶<onna ni naru ni wa juunen haya><i!>¶<dareka ga ochikondeiru toki wa sotto>¶<yasashii kotoba o> <kakeru yori>¶<nandaka mata yaru ki ga detekuru you na>¶<suteki na ega><o o> <misenasai>¶<yume wa itsudemo>¶<tooku ni aru kedo>¶<mirai no ippo wa>¶<sugu chika><ku no a><shita>¶<genki!> <genki!>¶<wakasa wa chika><ra>¶<iya na koto nado wasurey><ou>¶<genki!> <genki!>¶<fushigi na yuu><ki>¶<genki nakusu ni wa juunen haya><i!>¶<hito wa dare demo>¶<otona ni naru tabi>¶<{hajimete} no koto o>¶<nakushite><shimau> <kara>¶<genki!> <genki!>¶<wakasa wa bii><to>¶<shiranai doa o nokku> <shite>¶<genki!> <genki!>¶<genki wa jumo><n>¶<onna ni naru ni wa juunen haya><i!>	<치카고로 오치츠이타 미타이 다 네 난테>¶<칫토 모 우레시쿠> <난테나이>¶<모 스코시 온나 노 코 데 이라레루 우치 와>¶<마다 마다 소와><소와> <시테이타이>¶<히토 와 다레 데모>¶<오토나 니 나루 타비>¶<{하지메테} 노 코토 오>¶<나쿠시테><시마우> <카라>¶<겐키!> <겐키!>¶<와카사 와 비이><토>¶<시라나이 도아 오 놋쿠> <시테>¶<겐키!> <겐키!>¶<겐키 와 주><몬>¶<온나 니 나루 니 와 주넨 하야><이!>¶<다레카 가 오치콘데이루 토키 와 솟토>¶<야사시이 코토바 오> <카케루 요리>¶<난다카 마타 야루 키 가 데테쿠루 요 나>¶<스테키 나 에가><오 오> <미세나사이>¶<유메 와 이츠데모>¶<토쿠 니 아루 케도>¶<미라이 노 잇포 와>¶<스구 치카><쿠 노 아><시타>¶<겐키!> <겐키!>¶<와카사 와 치카><라>¶<이야 나 코토 나도 와스레><요>¶<겐키!> <겐키!>¶<후시기 나 유><키>¶<겐키 나쿠스 니 와 주넨 하야><이!>¶<히토 와 다레 데모>¶<오토나 니 나루 타비>¶<{하지메테} 노 코토 오>¶<나쿠시테><시마우> <카라>¶<겐키!> <겐키!>¶<와카사 와 비이><토>¶<시라나이 도아 오 놋쿠> <시테>¶<겐키!> <겐키!>¶<겐키 와 주><몬>¶<온나 니 나루 니 와 주넨 하야><이!>	
01079	ENDC000A.DAT	노래	3	38	近頃 落ちついたみたいだねなんて¶ちっともうれしくなんてない¶もう少し 女の子でいられるうちは¶まだまだ ソワソワしていたい¶¶人は誰でも¶大人になるたび¶「初めて」のことを¶なくしてしまうから¶¶元気!元気!¶若さは　ビート¶知らないドアをノックして¶元気!元気!¶元気　は呪文¶女になるには　10年早い!¶¶誰かが　落ちこんでいる時は　そっと¶やさしい言葉をかけるより¶なんだか　また　やる気が出て来るような¶素敵な　笑顔を見せなさい¶¶夢はいつでも¶遠くにあるけど¶未来の一歩は¶すぐ近くの明日¶¶元気!元気!¶若さは　力¶イヤなことなど 忘れよう¶元気!元気!¶不思議な勇気¶元気なくすには　10年早い!¶¶人は誰でも¶大人になるたび¶「初めて」のことを¶なくしてしまうから¶¶元気!元気!¶若さは　ビート¶知らないドアをノックして¶元気!元気!¶元気　は呪文¶女になるには　10年早い!	요즘 「좀 차분해진 것 같네」 같은 말¶하나도 기쁘지 않아¶조금 더 여자애로 있을 수 있는 동안엔¶아직은 들뜬 채로 있고 싶어¶사람은 누구나¶어른이 될 때마다¶「처음」이라는 것을¶잃어버리고 마니까¶힘차게! 힘차게!¶젊음은 비트¶모르는 문을 노크해¶힘차게! 힘차게!¶힘찬 건 주문¶여자가 되기엔 10년 일러!¶누군가 풀이 죽어 있을 땐 살며시¶다정한 말을 건네기보다¶왠지 다시 의욕이 솟아날 것 같은¶멋진 웃음을 보여 줘¶꿈은 언제나¶멀리 있지만¶미래로 가는 한 걸음은¶바로 곁에 있는 내일¶힘차게! 힘차게!¶젊음은 힘¶싫은 일 같은 건 잊어버리자¶힘차게! 힘차게!¶신기한 용기¶기운 잃기엔 10년 일러!¶사람은 누구나¶어른이 될 때마다¶「처음」이라는 것을¶잃어버리고 마니까¶힘차게! 힘차게!¶젊음은 비트¶모르는 문을 노크해¶힘차게! 힘차게!¶힘찬 건 주문¶여자가 되기엔 10년 일러!	
01080	OP_YUMI.DAT	가사	1	21	<chotto mataseta kashira>¶<sonna ni okoranaide>¶<okureta bun wa saabisu shichau wa ufufu>¶<hizashi ga anata o nerau>¶<shisen wa haato ni ataru>¶<deatta> <shunkan kara>¶<domino taoshi>¶<motto moriagarimashou>¶<ikki ni noboritsumete>¶<purosesu nante ki ni shinakute mo ii janai>¶<nagisa ga watashi o sarau>¶<ookina ueebu ni naare>¶<ichi nino> <san shi de>¶<tengoku> <iki>¶<a><chichi><cchi> <a><chichi><cchi>¶<oatsui natsu ni>¶<koi no ondo mo joushouchuu> <yo>¶<AH―>¶<a><chichi><cchi> <a><chichi><cchi>¶<oatsui natsu ni>¶<jirijirijiri sasechau> <toshigoro>	<촛토 마타세타 카시라>¶<손나 니 오코라나이데>¶<오쿠레타 분 와 사비스 시차우 와 우후후>¶<히자시 가 아나타 오 네라우>¶<시센 와 하토 니 아타루>¶<데앗타> <슌칸 카라>¶<도미노 타오시>¶<못토 모리아가리마쇼>¶<잇키 니 노보리츠메테>¶<푸로세스 난테 키 니 시나쿠테 모 이이 자나이>¶<나기사 가 와타시 오 사라우>¶<오키나 우에부 니 나레>¶<이치 니노> <산 시 데>¶<텐고쿠> <이키>¶<아><치칫><치> <아><치칫><치>¶<오아츠이 나츠 니>¶<코이 노 온도 모 조쇼추> <요>¶<아―>¶<아><치칫><치> <아><치칫><치>¶<오아츠이 나츠 니>¶<지리지리지리 사세차우> <토시고로>	
01081	OP_YUMI.DAT	노래	1	21	ちょっと　待たせたかしら¶そんなに怒らないで¶遅れた分はサービスしちゃうわ　ウフフ¶陽射しがあなたを狙う¶視線はハートに当たる¶出逢った瞬間から¶ドミノ倒し¶¶もっと　盛り上がりましょう¶一気に昇りつめて¶プロセスなんて気にしなくてもいいじゃない¶渚が私をさらう¶大きなウェーブになあれ¶いちにのさんしで¶天国行き¶¶アチチッチ¶アチチッチ¶お熱い夏に¶恋の温度も上昇中よ¶AHー¶アチチッチ¶アチチッチ¶お熱い夏に¶ジリジリジリさせちゃう年頃	조금 기다리게 했나?¶그렇게 화내지 마¶늦은 만큼 서비스해 줄게\n우후후¶햇살이 너를 노려¶시선은 하트에 명중¶만난 순간부터¶도미노 쓰러지듯¶좀 더 신나게 놀아요¶단숨에 꼭대기까지 올라가¶과정 같은 건 신경 안 써도 되잖아¶물가가 나를 휩쓸어¶커다란 파도가 되어라¶하나 둘에 셋 넷으로¶천국행¶앗치치치, 앗치치치¶뜨거운 여름에¶사랑의 온도도 올라가는 중¶아―¶앗치치치, 앗치치치¶뜨거운 여름에¶애태우게 만드는 나이	
01082	C021.DAT	선택지	1	1	セーブする	저장하기	
01083	C021.DAT	선택지	8	1	しない	안 함	
01084	C101B.DAT	선택지	1	1	死ぬ思いで起きる	죽을힘을 다해 일어난다	
01085	C101B.DAT	선택지	1	1	死にそうなので寝る	죽을 것 같으니 잔다	
01086	C101F.DAT	선택지	1	1	仕方ないので起きる	어쩔 수 없으니 일어난다	
01087	C101F.DAT	선택지	1	1	仕方あっても眠る	어쩔 수 없어도 잔다	
01088	C102.DAT	선택지	2	1	寝る	잔다	
01089	C102.DAT	선택지	1	1	今日は学校休む	오늘은 학교 쉰다	
01090	C102.DAT	선택지	1	1	起きる	일어난다	
01091	C105C.DAT	선택지	2	1	食べる	먹는다	
01092	C105C.DAT	선택지	2	1	食べない	안 먹는다	
01093	C113A.DAT	선택지	2	1	走る	뛴다	
01094	C113A.DAT	선택지	2	1	歩く	걷는다	
01095	C117.DAT	선택지	1	1	ケセランパサラン	솜털 요정	
01096	C117.DAT	선택지	1	1	ただのホタル	그냥 반딧불	
01097	C117.DAT	선택지	4	1	ユーレイ	유령	
01098	C117.DAT	선택지	1	1	綿菓子	솜사탕	
01099	C117.DAT	선택지	1	1	マルチーズ	말티즈	
01100	C117.DAT	선택지	1	1	トゥクトゥプ	툭툭	
01101	C117.DAT	선택지	1	1	ティラミス	티라미수	
01102	C117.DAT	선택지	2	1	ユーレイ！	유령！	
01103	C117.DAT	선택지	1	1	Ｇペン	Ｇ펜	
01104	C117.DAT	선택지	1	1	ごぼう	우엉	
01105	C117.DAT	선택지	1	1	ペリー・ローダン	페리 로단	
01106	C117.DAT	선택지	1	1	弓美ちゃんパニック	유미미 짱 패닉	
01107	C117.DAT	선택지	1	1	ダンディライオン	민들레	
01108	C117.DAT	선택지	1	1	くじら	고래	
01109	C117.DAT	선택지	1	1	ユーレイだってば！	유령이라니까！	
01110	C117.DAT	선택지	1	1	プニュームキン	프뉴묘킨	
01111	C117.DAT	선택지	1	1	ヘロドトス	헤로도토스	
01112	C117.DAT	선택지	1	1	もやし	콩나물	
01113	C117.DAT	선택지	1	1	ユーレイかも	유령일지도	
01114	C117.DAT	선택지	1	1	マルスマティック	마르스마틱	
01115	C117.DAT	선택지	1	1	関東ローム層	간토 롬층	
01116	C120A2.DAT	선택지	7	1	人物紹介する	인물 소개한다	
01117	C132A.DAT	선택지	1	1	思わずなぐる	무심코 때린다	
01118	C132A.DAT	선택지	2	1	蹴る	찬다	
01119	C143A.DAT	선택지	1	1	すぐ行く	바로 간다	
01120	C143A.DAT	선택지	1	1	少しゴネる	조금 투덜댄다	
01121	C143A.DAT	선택지	1	1	断わる	거절한다	
01122	C161A.DAT	선택지	1	1	つきとばす	밀친다	
01123	C161A.DAT	선택지	1	1	逃げる	도망친다	
01124	C161A.DAT	선택지	1	1	ほおずりされるまま	뺨을 비비는 대로 둔다	
01125	C161B.DAT	선택지	3	1	愛してる	사랑해	
01126	C161B.DAT	선택지	3	1	愛してない	안 사랑해	
01127	C164.DAT	선택지	1	1	立ち上がるのを見ている	일어나는 걸 지켜본다	
01128	C164.DAT	선택지	1	1	助ける	돕는다	
01129	C180.DAT	선택지	1	1	なぐる	때린다	
01130	C203B.DAT	선택지	3	1	本当の事を言う	진짜 얘기를 한다	
01131	C203B.DAT	선택지	3	1	それとなくごまかす	은근슬쩍 얼버무린다	
01132	C204A.DAT	선택지	1	1	本当なんだもん	진짜라니까	
01133	C204A.DAT	선택지	2	1	ごまかす	얼버무린다	
01134	C210A.DAT	선택지	1	1	女の子の写真	여자애 사진	
01135	C210A.DAT	선택지	1	1	体育館の写真	체육관 사진	
01136	C210A.DAT	선택지	1	1	ユーレイの写真	유령 사진	
01137	C216A.DAT	선택지	1	1	先に進む	먼저 나아간다	
01138	C216A.DAT	선택지	1	1	余談ですが・・・・	여담이지만……	
01139	C216A.DAT	선택지	1	1	はい	예	
01140	C216A.DAT	선택지	1	1	いいえ	아니요	
01141	C224A.DAT	선택지	1	1	思いきって話してみる	큰맘 먹고 얘기해 본다	
01142	C224A.DAT	선택지	1	1	やっぱり黙っている	역시 입 다문다	
01143	C233A.DAT	선택지	1	1	賛成	찬성	
01144	C233A.DAT	선택지	1	1	賛成しない	찬성 안 함	
01145	C302A.DAT	선택지	2	1	根性で乗り越える	근성으로 뚫고 나간다	
01146	C302A.DAT	선택지	1	1	別の入口を探す	다른 입구를 찾는다	
01147	C302A.DAT	선택지	1	1	今日はあきらめて帰る	오늘은 포기하고 돌아간다	
01148	C303A.DAT	선택지	1	1	別に入れる所を探す	다른 들어갈 곳을 찾는다	
01149	C313.DAT	선택지	1	1	想像し続ける	계속 상상한다	
01150	C313.DAT	선택지	1	1	何も考えないようにする	아무것도 생각 안 하려 한다	
01151	C313.DAT	선택지	2	1	歌をうたう	노래를 부른다	
01152	C409A.DAT	선택지	1	1	石を元に戻す	돌을 원래대로 되돌린다	
01153	C409A.DAT	선택지	2	1	ほおっておく	내버려 둔다	
01154	C418.DAT	선택지	2	1	馬	말	
01155	C418.DAT	선택지	2	1	魚	물고기	
01156	C418.DAT	선택지	2	1	ツノ	뿔	
01157	C418.DAT	선택지	2	1	ひげ	수염	
01158	C422A.DAT	선택지	1	1	全部夢	전부 꿈	
01159	C422A.DAT	선택지	1	1	２人にかつがれた	두 사람한테 속았다	
01160	C422A.DAT	선택지	1	1	やっぱり現実	역시 현실	
01161	C428A.DAT	선택지	1	1	ともえ投げをする	배대뒤치기를 한다	
01162	C428A.DAT	선택지	1	1	バックブリーカーをかける	백브레이커를 건다	
01163	C428A.DAT	선택지	1	1	岩石おとしをする	낙석 공격을 한다	
01164	C437A.DAT	선택지	1	1	棒つつく	막대기로 찔러 본다	
01165	C437A.DAT	선택지	1	1	ゴミ箱をかぶせる	쓰레기통을 씌운다	
01166	C447A.DAT	선택지	1	1	変身する	변신한다	
01167	C447A.DAT	선택지	1	1	変身しない	변신 안 한다	
01168	C470.DAT	선택지	1	1	部長が	부장이	
01169	C470.DAT	선택지	1	1	松崎君が	마츠자키 군이	
01170	C470.DAT	선택지	1	1	桜子が	사쿠라코가	
01171	C471D.DAT	선택지	1	1	わきの木をのぼる	옆의 나무에 오른다	
01172	C471D.DAT	선택지	2	1	ジャンプしてみる	점프해 본다	
01173	C471D.DAT	선택지	2	1	用具置き場を見る	용구 보관소를 본다	
01174	C472.DAT	선택지	1	1	よく見てみる	잘 살펴본다	
01175	C472.DAT	선택지	1	1	石を投げる	돌을 던진다	
01176	C472.DAT	선택지	1	1	飛び跳ねてみる	뛰어 본다	
01177	C506A.DAT	선택지	1	1	教えてもらう	가르쳐 달라고 한다	
01178	C506A.DAT	선택지	1	1	教えてくれなくていい	안 가르쳐 줘도 된다	
01179	C508A.DAT	선택지	2	1	ほおずりする	뺨을 비빈다	
01180	C508A.DAT	선택지	2	1	なんとかごまかす	어떻게든 얼버무린다	
01181	C602A.DAT	선택지	1	1	ごはんを食べる	밥을 먹는다	
01182	C602A.DAT	선택지	1	1	お風呂に入る	목욕을 한다	
01183	C705C.DAT	선택지	1	1	無理矢理通る	억지로 지나간다	
01184	C705C.DAT	선택지	1	1	別の道を行く	다른 길로 간다	
01185	C718.DAT	선택지	1	1	飛びついて桜子を助ける	뛰어들어 사쿠라코를 돕는다	
01186	C718.DAT	선택지	1	1	まず考える	일단 생각한다	
01187	C720A.DAT	선택지	1	1	カゴのネズミと引き換え	바구니 속 쥐와 맞바꾼다	
01188	C720A.DAT	선택지	1	1	話し合う	서로 얘기한다	
01189	C720A.DAT	선택지	1	1	ひとまず逃げる	일단 도망친다	
01190	C727B.DAT	선택지	1	1	大声で騒ぐ	큰 소리로 소란을 피운다	
01191	C727B.DAT	선택지	1	1	根性で変身	근성으로 변신	
01192	C767A.DAT	선택지	1	1	とにかくみんなを助ける	아무튼 다들 돕는다	
01193	C767A.DAT	선택지	1	1	なんとか変身する	어떻게든 변신한다	
01194	C767C.DAT	선택지	1	1	２階の用具準備室	2층 용구 준비실	
01195	C767C.DAT	선택지	1	1	屋根の上	지붕 위	
01196	C767C.DAT	선택지	1	1	校庭	교정	
01197	C949A.DAT	선택지	1	1	移動	이동	
01198	C949A.DAT	선택지	1	1	助けを呼ぶ	도움을 청한다	
01199	C964A.DAT	선택지	1	1	一緒に追いかける	같이 쫓아간다	
01200	C964A.DAT	선택지	1	1	みんなを応援する	다들 응원한다	
01201	C964A.DAT	선택지	1	1	とりあえず見ている	일단 지켜본다	
