ID	번역	사유
00524	어라？부장님, 그 이상한 애한테서 도망친 거예요？¶있잖아, 거기서 여자애한테 안겨 있었더니 그쪽으로 따라가 버렸어¶흠 그런 건 아무튼 신이치！	院長 → 부장님(사용자 2026-10-01)
00525	부장님은 대체 무슨 부의 부장이에요？¶문예부, 문예부 누와하하하！	院長 → 부장님, «부장님…부장이세요, 원장님» 겹침 정리
00526	너, 대체 몇 개나 겸임하는 거야！？¶젠장, 그래서 좀처럼 부실에 얼굴을 안 비쳤던 거구나 뉴, 저기, 뉴와, 아하하하하하！	사쿠라코 반말(원문 あんた…のよ, 사용자)
00550	부장님, 올라가 보세요¶왜 하필 나냐¶그야！제일 연장자시잖아요¶신이치, 네가 올라가 신문부장 명령이다	院長 → 부장님
00551	네, 네, 알고 있어요 그러실 줄 알았어요¶부장님 치사해요─¶시끄럽구나 내가 왜 여기저기서 부장을 하고 있다고 생각하는 거냐？¶권력을 위해서다¶좋을 대로 하세요	院長 → 부장님
00685	부장님 책임은요?¶있을 리가 없잖아! 난 아무것도 안 했는데¶아무것도 안 했으니까 문제인 거 아닐까	院長 → 부장님
00844	쿠하아! 어라? 부장님!¶이런 데서 뭐 하는 거야!?	院長 → 부장님 · 사쿠라코 반말(원문 何してんのよ)
00113	아마도 말이지…¶솜털 요정이거나, 반딧불이거나…	ケサランパサラン → 솜털 요정(사용자 2026-10-01)
01095	솜털 요정	ケセランパサラン → 솜털 요정(사용자 2026-10-01)
00009	아얏! 아야야야야야… 코, 코 부딪혔어… 아아…	あった！= 아얏(통증), «있다» 오역(사용자 2026-10-01)
